Source,Target,Link
https://www.youtube.com/c/FoxNews/videos,https://www.youtube.com/watch?v=v156lNHkyDs&t=9s,1
https://www.youtube.com/c/FoxNews/videos,https://www.youtube.com/watch?v=5D8ZIsJdAZw&t=19s,1
https://www.youtube.com/c/FoxNews/videos,https://www.youtube.com/watch?v=5D8ZIsJdAZw&t=19s,1
https://www.youtube.com/c/FoxNews/videos,https://www.youtube.com/watch?v=5D8ZIsJdAZw&t=19s,1
https://www.youtube.com/c/FoxNews/videos,https://www.youtube.com/watch?v=v156lNHkyDs&t=9s,1
https://www.youtube.com/c/FoxNews/videos,https://www.youtube.com/watch?v=v156lNHkyDs&t=9s,1
https://www.youtube.com/c/FoxNews/videos,https://www.youtube.com/watch?v=v156lNHkyDs&t=9s,1
https://www.youtube.com/c/FoxNews/videos,https://www.youtube.com/watch?v=5D8ZIsJdAZw&t=19s,1
https://www.youtube.com/c/FoxNews/videos,https://www.youtube.com/watch?v=5D8ZIsJdAZw&t=19s,1
https://www.youtube.com/c/FoxNews/videos,https://www.youtube.com/watch?v=5D8ZIsJdAZw&t=19s,1
https://www.youtube.com/c/FoxNews/videos,https://www.youtube.com/watch?v=v156lNHkyDs&t=9s,1
https://www.youtube.com/c/FoxNews/videos,https://www.youtube.com/watch?v=5D8ZIsJdAZw&t=19s,1
https://www.youtube.com/c/FoxNews/videos,https://www.youtube.com/watch?v=5D8ZIsJdAZw&t=19s,1
https://www.youtube.com/c/FoxNews/videos,https://www.youtube.com/watch?v=v156lNHkyDs&t=9s,1
https://www.youtube.com/c/FoxNews/videos,https://www.youtube.com/watch?v=v156lNHkyDs&t=9s,1
https://www.youtube.com/c/FoxNews/videos,https://www.youtube.com/watch?v=5D8ZIsJdAZw&t=19s,1
https://www.youtube.com/c/FoxNews/videos,https://www.youtube.com/watch?v=5D8ZIsJdAZw&t=19s,1
https://www.youtube.com/c/FoxNews/videos,https://www.youtube.com/watch?v=5D8ZIsJdAZw&t=19s,1
https://www.youtube.com/c/FoxNews/videos,https://www.youtube.com/watch?v=5D8ZIsJdAZw&t=19s,1
https://www.youtube.com/c/FoxNews/videos,https://www.youtube.com/watch?v=5D8ZIsJdAZw&t=19s,1
https://www.youtube.com/c/FoxNews/videos,https://www.youtube.com/watch?v=5D8ZIsJdAZw&t=19s,1
https://www.youtube.com/c/FoxNews/videos,https://www.youtube.com/watch?v=v156lNHkyDs&t=9s,1
https://www.youtube.com/c/FoxNews/videos,https://www.youtube.com/watch?v=v156lNHkyDs&t=9s,1
https://www.youtube.com/c/FoxNews/videos,https://www.youtube.com/watch?v=v156lNHkyDs&t=9s,1
https://www.youtube.com/c/FoxNews/videos,https://www.youtube.com/watch?v=v156lNHkyDs&t=9s,1
https://www.youtube.com/c/FoxNews/videos,https://www.youtube.com/watch?v=5D8ZIsJdAZw&t=19s,1
https://www.youtube.com/c/FoxNews/videos,https://www.youtube.com/watch?v=5D8ZIsJdAZw&t=19s,1
https://www.youtube.com/c/FoxNews/videos,https://www.youtube.com/watch?v=5D8ZIsJdAZw&t=19s,1
https://www.youtube.com/c/FoxNews/videos,https://www.youtube.com/watch?v=v156lNHkyDs&t=9s,1
https://www.youtube.com/c/FoxNews/videos,https://www.youtube.com/watch?v=v156lNHkyDs&t=9s,1
https://www.youtube.com/c/FoxNews/videos,https://www.youtube.com/watch?v=5D8ZIsJdAZw&t=19s,1
https://www.youtube.com/c/FoxNews/videos,https://www.youtube.com/watch?v=5D8ZIsJdAZw&t=19s,1
https://www.youtube.com/c/FoxNews/videos,https://www.youtube.com/watch?v=v156lNHkyDs&t=9s,1
https://www.youtube.com/c/FoxNews/videos,https://www.youtube.com/watch?v=v156lNHkyDs&t=9s,1
https://www.youtube.com/c/FoxNews/videos,https://www.youtube.com/watch?v=v156lNHkyDs&t=9s,1
https://www.youtube.com/c/FoxNews/videos,https://www.youtube.com/watch?v=v156lNHkyDs&t=9s,1
https://www.youtube.com/c/FoxNews/videos,https://www.youtube.com/watch?v=5D8ZIsJdAZw&t=19s,1
https://www.youtube.com/c/FoxNews/videos,https://www.youtube.com/watch?v=v156lNHkyDs&t=9s,1
https://www.youtube.com/c/FoxNews/videos,https://www.youtube.com/watch?v=v156lNHkyDs&t=9s,1
https://www.youtube.com/c/FoxNews/videos,https://www.youtube.com/watch?v=v156lNHkyDs&t=9s,1
https://www.youtube.com/c/FoxNews/videos,https://www.youtube.com/watch?v=TmwqHzDGRvk,1
https://www.youtube.com/c/FoxNews/videos,https://www.youtube.com/watch?v=sSfejgwbDQ8,1
https://www.youtube.com/c/FoxNews/videos,https://www.youtube.com/watch?v=wMrehEmyEBM,1
https://www.youtube.com/c/FoxNews/videos,https://www.youtube.com/watch?v=WbozDBM67lY,1
https://www.youtube.com/c/FoxNews/videos,https://www.youtube.com/watch?v=_iudkPi4_sY,1
https://www.youtube.com/c/FoxNews/videos,https://www.youtube.com/watch?v=O4-YJdKB0YI,1
https://www.youtube.com/c/FoxNews/videos,https://www.youtube.com/watch?v=I0PHBDZR_xQ,1
https://www.youtube.com/c/FoxNews/videos,https://www.youtube.com/watch?v=luC-249sdEY&t=16s,1
https://www.youtube.com/c/FoxNews/videos,https://www.youtube.com/watch?v=dxRDHXsQ2YQ&t=1564s,1
https://www.youtube.com/c/FoxNews/videos,https://www.youtube.com/watch?v=gsIxP-c83ok,1
https://www.youtube.com/c/FoxNews/videos,https://www.youtube.com/watch?v=S6rBxBrAN9k,1
https://www.youtube.com/c/FoxNews/videos,https://www.youtube.com/watch?v=KVY2nQcGuJQ,1
https://www.youtube.com/c/FoxNews/videos,https://www.youtube.com/watch?v=Zhs4FzREBR0,1
https://www.youtube.com/c/FoxNews/videos,https://www.youtube.com/watch?v=IqVGXFMlexU,1
https://www.youtube.com/c/FoxNews/videos,https://www.youtube.com/watch?v=nO4zE5bPYVE,1
https://www.youtube.com/c/FoxNews/videos,https://www.youtube.com/watch?v=GV8JtsBUAbs,1
https://www.youtube.com/c/FoxNews/videos,https://www.youtube.com/watch?v=UsSn5N8efdA,1
https://www.youtube.com/c/FoxNews/videos,https://www.youtube.com/watch?v=t_YyrMV7SuE,1
https://www.youtube.com/c/FoxNews/videos,https://www.youtube.com/watch?v=6bmPPgp61bs,1
https://www.youtube.com/c/FoxNews/videos,https://www.youtube.com/watch?v=8aI0aTBK6CY,1
https://www.youtube.com/c/FoxNews/videos,https://www.youtube.com/watch?v=afDI5Uco-O0,1
https://www.youtube.com/c/FoxNews/videos,https://www.youtube.com/watch?v=ilt_NcaIIRk,1
https://www.youtube.com/c/FoxNews/videos,https://www.youtube.com/watch?v=NNnIGh9g6fA,1
https://www.youtube.com/c/FoxNews/videos,https://www.youtube.com/watch?v=3eDnKct5XAw,1
https://www.youtube.com/c/FoxNews/videos,https://www.youtube.com/watch?v=gsIxP-c83ok,1
https://www.youtube.com/c/FoxNews/videos,https://www.youtube.com/watch?v=uAlhdjDkhL0,1
https://www.youtube.com/c/FoxNews/videos,https://www.youtube.com/watch?v=pni_kDv9BsU,1
https://www.youtube.com/c/FoxNews/videos,https://www.youtube.com/watch?v=S6rBxBrAN9k,1
https://www.youtube.com/c/FoxNews/videos,https://www.youtube.com/watch?v=FINe02Krl7c&t=23s,1
https://www.youtube.com/c/FoxNews/videos,https://www.youtube.com/watch?v=jJoNPbf5mI0,1
https://www.youtube.com/c/FoxNews/videos,https://www.youtube.com/watch?v=9Xca_uEBHd8,1
https://www.youtube.com/c/FoxNews/videos,https://www.youtube.com/watch?v=j0UZy5QNs5s,1
https://www.youtube.com/c/FoxNews/videos,https://www.youtube.com/watch?v=luC-249sdEY&t=16s,1
https://www.youtube.com/c/FoxNews/videos,https://www.youtube.com/watch?v=UUDKEbX5OQw,1
https://www.youtube.com/c/FoxNews/videos,https://www.youtube.com/watch?v=sSfejgwbDQ8,1
https://www.youtube.com/c/FoxNews/videos,https://www.youtube.com/watch?v=YQWy2fTjhiM,1
https://www.youtube.com/c/FoxNews/videos,https://www.youtube.com/watch?v=GVg_2MnYKys,1
https://www.youtube.com/c/FoxNews/videos,https://www.youtube.com/watch?v=LnJwH_PZXnM,1
https://www.youtube.com/c/FoxNews/videos,https://www.youtube.com/watch?v=dfOtDk2DL1I,1
https://www.youtube.com/c/FoxNews/videos,https://www.youtube.com/watch?v=HmfMctK5dEU,1
https://www.youtube.com/c/TheYoungTurks/videos,https://www.youtube.com/watch?v=YNZ9Yj6VHkM,1
https://www.youtube.com/c/TheYoungTurks/videos,https://www.youtube.com/watch?v=vEolAOaK1vw,1
https://www.youtube.com/c/TheYoungTurks/videos,https://www.youtube.com/watch?v=YNZ9Yj6VHkM,1
https://www.youtube.com/c/TheYoungTurks/videos,https://www.youtube.com/watch?v=YNZ9Yj6VHkM,1
https://www.youtube.com/c/TheYoungTurks/videos,https://www.youtube.com/watch?v=YNZ9Yj6VHkM,1
https://www.youtube.com/c/TheYoungTurks/videos,https://www.youtube.com/watch?v=CUXb1LqhK1M,1
https://www.youtube.com/c/TheYoungTurks/videos,https://www.youtube.com/watch?v=22dmg-FpZR8,1
https://www.youtube.com/c/TheYoungTurks/videos,https://www.youtube.com/watch?v=pSBEhaqtLbE,1
https://www.youtube.com/c/TheYoungTurks/videos,https://www.youtube.com/watch?v=YNZ9Yj6VHkM,1
https://www.youtube.com/c/TheYoungTurks/videos,https://www.youtube.com/watch?v=pSBEhaqtLbE,1
https://www.youtube.com/c/TheYoungTurks/videos,https://www.youtube.com/watch?v=t7flnWt0fe4,1
https://www.youtube.com/c/TheYoungTurks/videos,https://www.youtube.com/watch?v=22dmg-FpZR8,1
https://www.youtube.com/c/TheYoungTurks/videos,https://www.youtube.com/watch?v=vEolAOaK1vw,1
https://www.youtube.com/c/TheYoungTurks/videos,https://www.youtube.com/watch?v=vEolAOaK1vw,1
https://www.youtube.com/c/TheYoungTurks/videos,https://www.youtube.com/watch?v=vEolAOaK1vw,1
https://www.youtube.com/c/TheYoungTurks/videos,https://www.youtube.com/watch?v=CUXb1LqhK1M,1
https://www.youtube.com/c/TheYoungTurks/videos,https://www.youtube.com/watch?v=f_arYBcCMLg,1
https://www.youtube.com/c/TheYoungTurks/videos,https://www.youtube.com/watch?v=vEolAOaK1vw,1
https://www.youtube.com/c/TheYoungTurks/videos,https://www.youtube.com/watch?v=t7flnWt0fe4,1
https://www.youtube.com/c/TheYoungTurks/videos,https://www.youtube.com/watch?v=pSBEhaqtLbE,1
https://www.youtube.com/c/TheYoungTurks/videos,https://www.youtube.com/watch?v=f_arYBcCMLg,1
https://www.youtube.com/c/TheYoungTurks/videos,https://www.youtube.com/watch?v=YNZ9Yj6VHkM,1
https://www.youtube.com/c/TheYoungTurks/videos,https://www.youtube.com/watch?v=t7flnWt0fe4,1
https://www.youtube.com/c/TheYoungTurks/videos,https://www.youtube.com/watch?v=pSBEhaqtLbE,1
https://www.youtube.com/c/TheYoungTurks/videos,https://www.youtube.com/watch?v=22dmg-FpZR8,1
https://www.youtube.com/c/TheYoungTurks/videos,https://www.youtube.com/watch?v=vEolAOaK1vw,1
https://www.youtube.com/c/TheYoungTurks/videos,https://www.youtube.com/watch?v=CUXb1LqhK1M,1
https://www.youtube.com/c/TheYoungTurks/videos,https://www.youtube.com/watch?v=f_arYBcCMLg,1
https://www.youtube.com/c/TheYoungTurks/videos,https://www.youtube.com/watch?v=pSBEhaqtLbE,1
https://www.youtube.com/c/TheYoungTurks/videos,https://www.youtube.com/watch?v=vEolAOaK1vw,1
https://www.youtube.com/c/TheYoungTurks/videos,https://www.youtube.com/watch?v=pSBEhaqtLbE,1
https://www.youtube.com/c/TheYoungTurks/videos,https://www.youtube.com/watch?v=pSBEhaqtLbE,1
https://www.youtube.com/c/TheYoungTurks/videos,https://www.youtube.com/watch?v=pSBEhaqtLbE,1
https://www.youtube.com/c/TheYoungTurks/videos,https://www.youtube.com/watch?v=f_arYBcCMLg,1
https://www.youtube.com/c/TheYoungTurks/videos,https://www.youtube.com/watch?v=pSBEhaqtLbE,1
https://www.youtube.com/c/TheYoungTurks/videos,https://www.youtube.com/watch?v=YNZ9Yj6VHkM,1
https://www.youtube.com/c/TheYoungTurks/videos,https://www.youtube.com/watch?v=pSBEhaqtLbE,1
https://www.youtube.com/c/TheYoungTurks/videos,https://www.youtube.com/watch?v=CUXb1LqhK1M,1
https://www.youtube.com/c/TheYoungTurks/videos,https://www.youtube.com/watch?v=22dmg-FpZR8,1
https://www.youtube.com/c/TheYoungTurks/videos,https://www.youtube.com/watch?v=vEolAOaK1vw,1
https://www.youtube.com/c/TheYoungTurks/videos,https://www.youtube.com/watch?v=22dmg-FpZR8,1
https://www.youtube.com/c/TheYoungTurks/videos,https://www.youtube.com/watch?v=22dmg-FpZR8,1
https://www.youtube.com/c/TheYoungTurks/videos,https://www.youtube.com/watch?v=CUXb1LqhK1M,1
https://www.youtube.com/c/TheYoungTurks/videos,https://www.youtube.com/watch?v=22dmg-FpZR8,1
https://www.youtube.com/c/TheYoungTurks/videos,https://www.youtube.com/watch?v=CUXb1LqhK1M,1
https://www.youtube.com/c/TheYoungTurks/videos,https://www.youtube.com/watch?v=22dmg-FpZR8,1
https://www.youtube.com/c/TheYoungTurks/videos,https://www.youtube.com/watch?v=YNZ9Yj6VHkM,1
https://www.youtube.com/c/TheYoungTurks/videos,https://www.youtube.com/watch?v=CUXb1LqhK1M,1
https://www.youtube.com/c/TheYoungTurks/videos,https://www.youtube.com/watch?v=22dmg-FpZR8,1
https://www.youtube.com/c/TheYoungTurks/videos,https://www.youtube.com/watch?v=vEolAOaK1vw,1
https://www.youtube.com/c/TheYoungTurks/videos,https://www.youtube.com/watch?v=f_arYBcCMLg,1
https://www.youtube.com/c/TheYoungTurks/videos,https://www.youtube.com/watch?v=vEolAOaK1vw,1
https://www.youtube.com/c/TheYoungTurks/videos,https://www.youtube.com/watch?v=pSBEhaqtLbE,1
https://www.youtube.com/c/TheYoungTurks/videos,https://www.youtube.com/watch?v=22dmg-FpZR8,1
https://www.youtube.com/c/TheYoungTurks/videos,https://www.youtube.com/watch?v=YNZ9Yj6VHkM,1
https://www.youtube.com/c/TheYoungTurks/videos,https://www.youtube.com/watch?v=t7flnWt0fe4,1
https://www.youtube.com/c/TheYoungTurks/videos,https://www.youtube.com/watch?v=pSBEhaqtLbE,1
https://www.youtube.com/c/TheYoungTurks/videos,https://www.youtube.com/watch?v=YNZ9Yj6VHkM,1
https://www.youtube.com/c/TheYoungTurks/videos,https://www.youtube.com/watch?v=t7flnWt0fe4,1
https://www.youtube.com/c/TheYoungTurks/videos,https://www.youtube.com/watch?v=pSBEhaqtLbE,1
https://www.youtube.com/c/TheYoungTurks/videos,https://www.youtube.com/watch?v=vEolAOaK1vw,1
https://www.youtube.com/c/TheYoungTurks/videos,https://www.youtube.com/watch?v=22dmg-FpZR8,1
https://www.youtube.com/c/TheYoungTurks/videos,https://www.youtube.com/watch?v=f_arYBcCMLg,1
https://www.youtube.com/c/TheYoungTurks/videos,https://www.youtube.com/watch?v=f_arYBcCMLg,1
https://www.youtube.com/c/TheYoungTurks/videos,https://www.youtube.com/watch?v=CUXb1LqhK1M,1
https://www.youtube.com/c/TheYoungTurks/videos,https://www.youtube.com/watch?v=CUXb1LqhK1M,1
https://www.youtube.com/c/TheYoungTurks/videos,https://www.youtube.com/watch?v=vEolAOaK1vw,1
https://www.youtube.com/c/TheYoungTurks/videos,https://www.youtube.com/watch?v=CUXb1LqhK1M,1
https://www.youtube.com/c/TheYoungTurks/videos,https://www.youtube.com/watch?v=vEolAOaK1vw,1
https://www.youtube.com/c/TheYoungTurks/videos,https://www.youtube.com/watch?v=CUXb1LqhK1M,1
https://www.youtube.com/c/TheYoungTurks/videos,https://www.youtube.com/watch?v=f_arYBcCMLg,1
https://www.youtube.com/c/TheYoungTurks/videos,https://www.youtube.com/watch?v=YNZ9Yj6VHkM,1
https://www.youtube.com/c/TheYoungTurks/videos,https://www.youtube.com/watch?v=YNZ9Yj6VHkM,1
https://www.youtube.com/c/TheYoungTurks/videos,https://www.youtube.com/watch?v=CUXb1LqhK1M,1
https://www.youtube.com/c/TheYoungTurks/videos,https://www.youtube.com/watch?v=f_arYBcCMLg,1
https://www.youtube.com/c/TheYoungTurks/videos,https://www.youtube.com/watch?v=vEolAOaK1vw,1
https://www.youtube.com/c/TheYoungTurks/videos,https://www.youtube.com/watch?v=CUXb1LqhK1M,1
https://www.youtube.com/c/TheYoungTurks/videos,https://www.youtube.com/watch?v=YNZ9Yj6VHkM,1
https://www.youtube.com/c/TheYoungTurks/videos,https://www.youtube.com/watch?v=f_arYBcCMLg,1
https://www.youtube.com/c/TheYoungTurks/videos,https://www.youtube.com/watch?v=f_arYBcCMLg,1
https://www.youtube.com/c/TheYoungTurks/videos,https://www.youtube.com/watch?v=vEolAOaK1vw,1
https://www.youtube.com/c/TheYoungTurks/videos,https://www.youtube.com/watch?v=22dmg-FpZR8,1
https://www.youtube.com/c/TheYoungTurks/videos,https://www.youtube.com/watch?v=22dmg-FpZR8,1
https://www.youtube.com/c/TheYoungTurks/videos,https://www.youtube.com/watch?v=CUXb1LqhK1M,1
https://www.youtube.com/c/TheYoungTurks/videos,https://www.youtube.com/watch?v=YNZ9Yj6VHkM,1
https://www.youtube.com/c/TheYoungTurks/videos,https://www.youtube.com/watch?v=CUXb1LqhK1M,1
https://www.youtube.com/c/TheYoungTurks/videos,https://www.youtube.com/watch?v=CUXb1LqhK1M,1
https://www.youtube.com/c/TheYoungTurks/videos,https://www.youtube.com/watch?v=22dmg-FpZR8,1
https://www.youtube.com/c/TheYoungTurks/videos,https://www.youtube.com/watch?v=pSBEhaqtLbE,1
https://www.youtube.com/c/TheYoungTurks/videos,https://www.youtube.com/watch?v=CUXb1LqhK1M,1
https://www.youtube.com/c/TheYoungTurks/videos,https://www.youtube.com/watch?v=vEolAOaK1vw,1
https://www.youtube.com/c/TheYoungTurks/videos,https://www.youtube.com/watch?v=f_arYBcCMLg,1
https://www.youtube.com/c/TheYoungTurks/videos,https://www.youtube.com/watch?v=22dmg-FpZR8,1
https://www.youtube.com/c/TheYoungTurks/videos,https://www.youtube.com/watch?v=vEolAOaK1vw,1
https://www.youtube.com/c/TheYoungTurks/videos,https://www.youtube.com/watch?v=22dmg-FpZR8,1
https://www.youtube.com/c/TheYoungTurks/videos,https://www.youtube.com/watch?v=f_arYBcCMLg,1
https://www.youtube.com/c/TheYoungTurks/videos,https://www.youtube.com/watch?v=f_arYBcCMLg,1
https://www.youtube.com/c/TheYoungTurks/videos,https://www.youtube.com/watch?v=f_arYBcCMLg,1
https://www.youtube.com/c/TheYoungTurks/videos,https://www.youtube.com/watch?v=t7flnWt0fe4,1
https://www.youtube.com/c/TheYoungTurks/videos,https://www.youtube.com/watch?v=vEolAOaK1vw,1
https://www.youtube.com/c/TheYoungTurks/videos,https://www.youtube.com/watch?v=YNZ9Yj6VHkM,1
https://www.youtube.com/c/TheYoungTurks/videos,https://www.youtube.com/watch?v=YNZ9Yj6VHkM,1
https://www.youtube.com/c/TheYoungTurks/videos,https://www.youtube.com/watch?v=YNZ9Yj6VHkM,1
https://www.youtube.com/c/TheYoungTurks/videos,https://www.youtube.com/watch?v=22dmg-FpZR8,1
https://www.youtube.com/c/TheYoungTurks/videos,https://www.youtube.com/watch?v=pSBEhaqtLbE,1
https://www.youtube.com/c/TheYoungTurks/videos,https://www.youtube.com/watch?v=pSBEhaqtLbE,1
https://www.youtube.com/c/TheYoungTurks/videos,https://www.youtube.com/watch?v=vEolAOaK1vw,1
https://www.youtube.com/c/TheYoungTurks/videos,https://www.youtube.com/watch?v=f_arYBcCMLg,1
https://www.youtube.com/c/TheYoungTurks/videos,https://www.youtube.com/watch?v=CUXb1LqhK1M,1
https://www.youtube.com/c/TheYoungTurks/videos,https://www.youtube.com/watch?v=CUXb1LqhK1M,1
https://www.youtube.com/c/TheYoungTurks/videos,https://www.youtube.com/watch?v=f_arYBcCMLg,1
https://www.youtube.com/c/TheYoungTurks/videos,https://www.youtube.com/watch?v=t7flnWt0fe4,1
https://www.youtube.com/c/TheYoungTurks/videos,https://www.youtube.com/watch?v=vEolAOaK1vw,1
https://www.youtube.com/c/TheYoungTurks/videos,https://www.youtube.com/watch?v=f_arYBcCMLg,1
https://www.youtube.com/c/TheYoungTurks/videos,https://www.youtube.com/watch?v=pSBEhaqtLbE,1
https://www.youtube.com/c/TheYoungTurks/videos,https://www.youtube.com/watch?v=22dmg-FpZR8,1
https://www.youtube.com/c/TheYoungTurks/videos,https://www.youtube.com/watch?v=pSBEhaqtLbE,1
https://www.youtube.com/c/TheYoungTurks/videos,https://www.youtube.com/watch?v=CUXb1LqhK1M,1
https://www.youtube.com/c/TheYoungTurks/videos,https://www.youtube.com/watch?v=f_arYBcCMLg,1
https://www.youtube.com/c/TheYoungTurks/videos,https://www.youtube.com/watch?v=22dmg-FpZR8,1
https://www.youtube.com/c/TheYoungTurks/videos,https://www.youtube.com/watch?v=pSBEhaqtLbE,1
https://www.youtube.com/c/TheYoungTurks/videos,https://www.youtube.com/watch?v=22dmg-FpZR8,1
https://www.youtube.com/c/TheYoungTurks/videos,https://www.youtube.com/watch?v=f_arYBcCMLg,1
https://www.youtube.com/c/TheYoungTurks/videos,https://www.youtube.com/watch?v=pSBEhaqtLbE,1
https://www.youtube.com/c/TheYoungTurks/videos,https://www.youtube.com/watch?v=j0UZy5QNs5s,1
https://www.youtube.com/c/TheYoungTurks/videos,https://www.youtube.com/watch?v=TmwqHzDGRvk,1
https://www.youtube.com/c/TheYoungTurks/videos,https://www.youtube.com/watch?v=3eDnKct5XAw,1
https://www.youtube.com/c/TheYoungTurks/videos,https://www.youtube.com/watch?v=WhMGcp9xIhY,1
https://www.youtube.com/c/TheYoungTurks/videos,https://www.youtube.com/watch?v=g6iDZspbRMg,1
https://www.youtube.com/c/TheYoungTurks/videos,https://www.youtube.com/watch?v=W4ktLen9cVM,1
https://www.youtube.com/c/TheYoungTurks/videos,https://www.youtube.com/watch?v=6q1RH8A3O3c,1
https://www.youtube.com/c/TheYoungTurks/videos,https://www.youtube.com/watch?v=oG7fuA80aKU,1
https://www.youtube.com/c/TheYoungTurks/videos,https://www.youtube.com/watch?v=-rZkdPXP6H4,1
https://www.youtube.com/c/TheYoungTurks/videos,https://www.youtube.com/watch?v=oG5Zc7EUPh8,1
https://www.youtube.com/c/TheYoungTurks/videos,https://www.youtube.com/watch?v=oizhVJstxC4,1
https://www.youtube.com/c/TheYoungTurks/videos,https://www.youtube.com/watch?v=GLZqD_-Lt0s,1
https://www.youtube.com/c/TheYoungTurks/videos,https://www.youtube.com/watch?v=oizhVJstxC4,1
https://www.youtube.com/c/TheYoungTurks/videos,https://www.youtube.com/watch?v=W4ktLen9cVM,1
https://www.youtube.com/c/TheYoungTurks/videos,https://www.youtube.com/watch?v=T43753AfaKY,1
https://www.youtube.com/c/TheYoungTurks/videos,https://www.youtube.com/watch?v=HiBwVq10Eno&t=18s,1
https://www.youtube.com/c/TheYoungTurks/videos,https://www.youtube.com/watch?v=nZrfg-2bTTQ,1
https://www.youtube.com/c/TheYoungTurks/videos,https://www.youtube.com/watch?v=N0o65tMtoB8,1
https://www.youtube.com/c/TheYoungTurks/videos,https://www.youtube.com/watch?v=e_7ilNL4gxM,1
https://www.youtube.com/c/TheYoungTurks/videos,https://www.youtube.com/watch?v=IqVGXFMlexU,1
https://www.youtube.com/c/TheYoungTurks/videos,https://www.youtube.com/watch?v=HiBwVq10Eno&t=18s,1
https://www.youtube.com/c/TheYoungTurks/videos,https://www.youtube.com/watch?v=uQRnSIa-qQM,1
https://www.youtube.com/c/TheYoungTurks/videos,https://www.youtube.com/watch?v=W4ktLen9cVM,1
https://www.youtube.com/c/TheYoungTurks/videos,https://www.youtube.com/watch?v=W4ktLen9cVM,1
https://www.youtube.com/c/TheYoungTurks/videos,https://www.youtube.com/watch?v=6X9D9YRKSHA,1
https://www.youtube.com/c/TheYoungTurks/videos,https://www.youtube.com/watch?v=luC-249sdEY&t=16s,1
https://www.youtube.com/c/TheYoungTurks/videos,https://www.youtube.com/watch?v=3eDnKct5XAw,1
https://www.youtube.com/c/TheYoungTurks/videos,https://www.youtube.com/watch?v=N0o65tMtoB8,1
https://www.youtube.com/c/TheYoungTurks/videos,https://www.youtube.com/watch?v=51U-N0uE_ic,1
https://www.youtube.com/c/TheYoungTurks/videos,https://www.youtube.com/watch?v=FhIABER6YVE&t=8s,1
https://www.youtube.com/c/TheYoungTurks/videos,https://www.youtube.com/watch?v=4tvo3prGzVc,1
https://www.youtube.com/c/TheYoungTurks/videos,https://www.youtube.com/watch?v=j0UZy5QNs5s,1
https://www.youtube.com/c/TheYoungTurks/videos,https://www.youtube.com/watch?v=t3PA37erNYw,1
https://www.youtube.com/c/TheYoungTurks/videos,https://www.youtube.com/watch?v=Ulg65p84JwU,1
https://www.youtube.com/c/TheYoungTurks/videos,https://www.youtube.com/watch?v=AgxvLt-rOYk,1
https://www.youtube.com/c/TheYoungTurks/videos,https://www.youtube.com/watch?v=la2iPolnXuA,1
https://www.youtube.com/c/TheYoungTurks/videos,https://www.youtube.com/watch?v=OKHjgykEvcc,1
https://www.youtube.com/c/TheYoungTurks/videos,https://www.youtube.com/watch?v=T43753AfaKY,1
https://www.youtube.com/c/TheYoungTurks/videos,https://www.youtube.com/watch?v=-gal8E_dgE8,1
https://www.youtube.com/c/TheYoungTurks/videos,https://www.youtube.com/watch?v=51U-N0uE_ic,1
https://www.youtube.com/c/TheYoungTurks/videos,https://www.youtube.com/watch?v=-eeML64X-zg,1
https://www.youtube.com/c/TheYoungTurks/videos,https://www.youtube.com/watch?v=h6XvMKdD2tY,1
https://www.youtube.com/c/TheYoungTurks/videos,https://www.youtube.com/watch?v=9M0CDOvdn2Y,1
https://www.youtube.com/c/TheYoungTurks/videos,https://www.youtube.com/watch?v=UUDKEbX5OQw,1
https://www.youtube.com/c/TheYoungTurks/videos,https://www.youtube.com/watch?v=HeQX2HjkcNo,1
https://www.youtube.com/c/TheYoungTurks/videos,https://www.youtube.com/watch?v=7wRhMnYvkVw,1
https://www.youtube.com/c/TheYoungTurks/videos,https://www.youtube.com/watch?v=oizhVJstxC4,1
https://www.youtube.com/c/TheYoungTurks/videos,https://www.youtube.com/watch?v=tl9Sb8wJdfA,1
https://www.youtube.com/c/TheYoungTurks/videos,https://www.youtube.com/watch?v=5JOf6obOa8s,1
https://www.youtube.com/c/TheYoungTurks/videos,https://www.youtube.com/watch?v=sSfejgwbDQ8,1
https://www.youtube.com/c/TheYoungTurks/videos,https://www.youtube.com/watch?v=S6rBxBrAN9k,1
https://www.youtube.com/c/TheYoungTurks/videos,https://www.youtube.com/watch?v=uAlhdjDkhL0,1
https://www.youtube.com/c/TheYoungTurks/videos,https://www.youtube.com/watch?v=kl6O1zwjpO0,1
https://www.youtube.com/c/TheYoungTurks/videos,https://www.youtube.com/watch?v=92B2DY6BTNI,1
https://www.youtube.com/c/TheYoungTurks/videos,https://www.youtube.com/watch?v=S6rBxBrAN9k,1
https://www.youtube.com/c/TheYoungTurks/videos,https://www.youtube.com/watch?v=QlIcb_PKoTQ,1
https://www.youtube.com/c/TheYoungTurks/videos,https://www.youtube.com/watch?v=tl9Sb8wJdfA,1
https://www.youtube.com/c/TheYoungTurks/videos,https://www.youtube.com/watch?v=luC-249sdEY&t=16s,1
https://www.youtube.com/c/TheYoungTurks/videos,https://www.youtube.com/watch?v=51U-N0uE_ic,1
https://www.youtube.com/c/TheYoungTurks/videos,https://www.youtube.com/watch?v=ZWLdG_tKqbY,1
https://www.youtube.com/c/TheYoungTurks/videos,https://www.youtube.com/watch?v=FGG8rZhBpRI,1
https://www.youtube.com/c/TheYoungTurks/videos,https://www.youtube.com/watch?v=yJ4v-yxuPk8,1
https://www.youtube.com/c/TheYoungTurks/videos,https://www.youtube.com/watch?v=W4ktLen9cVM,1
https://www.youtube.com/c/TheYoungTurks/videos,https://www.youtube.com/watch?v=s37x2VSZrLw,1
https://www.youtube.com/c/TheYoungTurks/videos,https://www.youtube.com/watch?v=Kr1fFMeARqs,1
https://www.youtube.com/c/TheYoungTurks/videos,https://www.youtube.com/watch?v=uAlhdjDkhL0,1
https://www.youtube.com/c/TheYoungTurks/videos,https://www.youtube.com/watch?v=HeQX2HjkcNo,1
https://www.youtube.com/c/TheYoungTurks/videos,https://www.youtube.com/watch?v=luC-249sdEY&t=16s,1
https://www.youtube.com/c/TheYoungTurks/videos,https://www.youtube.com/watch?v=HiBwVq10Eno&t=18s,1
https://www.youtube.com/c/TheYoungTurks/videos,https://www.youtube.com/watch?v=urE2pL-DUBY,1
https://www.youtube.com/c/TheYoungTurks/videos,https://www.youtube.com/watch?v=51U-N0uE_ic,1
https://www.youtube.com/c/TheYoungTurks/videos,https://www.youtube.com/watch?v=29lXsOYBaow,1
https://www.youtube.com/c/TheYoungTurks/videos,https://www.youtube.com/watch?v=W4ktLen9cVM,1
https://www.youtube.com/c/TheYoungTurks/videos,https://www.youtube.com/watch?v=9X4zU9pBBaM,1
https://www.youtube.com/c/TheYoungTurks/videos,https://www.youtube.com/watch?v=EcYzT0OxqVA,1
https://www.youtube.com/c/TheYoungTurks/videos,https://www.youtube.com/watch?v=0TK5hWAEXBw&t=24s,1
https://www.youtube.com/c/TheYoungTurks/videos,https://www.youtube.com/watch?v=5cHqZyATL5k,1
https://www.youtube.com/c/TheYoungTurks/videos,https://www.youtube.com/watch?v=sSfejgwbDQ8,1
https://www.youtube.com/c/TheYoungTurks/videos,https://www.youtube.com/watch?v=OwJsUqhzOxQ,1
https://www.youtube.com/c/TheYoungTurks/videos,https://www.youtube.com/watch?v=AgxvLt-rOYk,1
https://www.youtube.com/c/TheYoungTurks/videos,https://www.youtube.com/watch?v=Rurcnt4QL4M,1
https://www.youtube.com/c/TheYoungTurks/videos,https://www.youtube.com/watch?v=ayXxwJJId_c,1
https://www.youtube.com/c/TheYoungTurks/videos,https://www.youtube.com/watch?v=AO44QtXYgR8,1
https://www.youtube.com/c/TheYoungTurks/videos,https://www.youtube.com/watch?v=Rurcnt4QL4M,1
https://www.youtube.com/c/TheYoungTurks/videos,https://www.youtube.com/watch?v=KaPLylJk89w,1
https://www.youtube.com/c/TheYoungTurks/videos,https://www.youtube.com/watch?v=Im9_y6lo8m0,1
https://www.youtube.com/c/TheYoungTurks/videos,https://www.youtube.com/watch?v=Yhb7io0uYNk,1
https://www.youtube.com/c/TheYoungTurks/videos,https://www.youtube.com/watch?v=oizhVJstxC4,1
https://www.youtube.com/c/TheYoungTurks/videos,https://www.youtube.com/watch?v=HzodHnzhWt4,1
https://www.youtube.com/c/TheYoungTurks/videos,https://www.youtube.com/watch?v=51U-N0uE_ic,1
https://www.youtube.com/c/TheYoungTurks/videos,https://www.youtube.com/watch?v=IjIMk7gGoSs,1
https://www.youtube.com/c/TheYoungTurks/videos,https://www.youtube.com/watch?v=fv3Cfvg4PhU,1
https://www.youtube.com/c/TheYoungTurks/videos,https://www.youtube.com/watch?v=W4ktLen9cVM,1
https://www.youtube.com/c/TheYoungTurks/videos,https://www.youtube.com/watch?v=VV3pEQcAaK4,1
https://www.youtube.com/c/TheYoungTurks/videos,https://www.youtube.com/watch?v=HeQX2HjkcNo,1
https://www.youtube.com/c/TheYoungTurks/videos,https://www.youtube.com/watch?v=ayXxwJJId_c,1
https://www.youtube.com/c/TheYoungTurks/videos,https://www.youtube.com/watch?v=8aI0aTBK6CY,1
https://www.youtube.com/c/TheYoungTurks/videos,https://www.youtube.com/watch?v=QlIcb_PKoTQ,1
https://www.youtube.com/c/TheYoungTurks/videos,https://www.youtube.com/watch?v=S6rBxBrAN9k,1
https://www.youtube.com/c/TheYoungTurks/videos,https://www.youtube.com/watch?v=S6rBxBrAN9k,1
https://www.youtube.com/c/TheYoungTurks/videos,https://www.youtube.com/watch?v=jGGR7vxq7B4,1
https://www.youtube.com/c/TheYoungTurks/videos,https://www.youtube.com/watch?v=m6pJd6O_NT0,1
https://www.youtube.com/c/TheYoungTurks/videos,https://www.youtube.com/watch?v=7y1xJAVZxXg,1
https://www.youtube.com/c/TheYoungTurks/videos,https://www.youtube.com/watch?v=sSfejgwbDQ8,1
https://www.youtube.com/c/TheYoungTurks/videos,https://www.youtube.com/watch?v=HeGVeBWECu8,1
https://www.youtube.com/c/TheYoungTurks/videos,https://www.youtube.com/watch?v=IdVNg3wQ29g,1
https://www.youtube.com/c/TheYoungTurks/videos,https://www.youtube.com/watch?v=Iy4vq8RdPGU,1
https://www.youtube.com/c/TheYoungTurks/videos,https://www.youtube.com/watch?v=CA88xbOW1Ow,1
https://www.youtube.com/c/TheYoungTurks/videos,https://www.youtube.com/watch?v=ZWLdG_tKqbY,1
https://www.youtube.com/c/TheYoungTurks/videos,https://www.youtube.com/watch?v=47wyhCZ9U4k,1
https://www.youtube.com/c/TheYoungTurks/videos,https://www.youtube.com/watch?v=luma4KP8pAw,1
https://www.youtube.com/c/TheYoungTurks/videos,https://www.youtube.com/watch?v=0TK5hWAEXBw&t=24s,1
https://www.youtube.com/c/TheYoungTurks/videos,https://www.youtube.com/watch?v=hG4LH6P8Syk,1
https://www.youtube.com/c/TheYoungTurks/videos,https://www.youtube.com/watch?v=uN84HhcdIws,1
https://www.youtube.com/c/TheYoungTurks/videos,https://www.youtube.com/watch?v=KF8I09WBtEI,1
https://www.youtube.com/c/TheYoungTurks/videos,https://www.youtube.com/watch?v=5_-56lTVz-8,1
https://www.youtube.com/c/TheYoungTurks/videos,https://www.youtube.com/watch?v=sSfejgwbDQ8,1
https://www.youtube.com/c/TheYoungTurks/videos,https://www.youtube.com/watch?v=-SxFDtMrjVQ,1
https://www.youtube.com/c/TheYoungTurks/videos,https://www.youtube.com/watch?v=luC-249sdEY&t=16s,1
https://www.youtube.com/c/TheYoungTurks/videos,https://www.youtube.com/watch?v=5GWeFNwEI6I,1
https://www.youtube.com/c/TheYoungTurks/videos,https://www.youtube.com/watch?v=FINe02Krl7c&t=23s,1
https://www.youtube.com/c/TheYoungTurks/videos,https://www.youtube.com/watch?v=m6pJd6O_NT0,1
https://www.youtube.com/c/TheYoungTurks/videos,https://www.youtube.com/watch?v=ZVQ-xy2lW2s,1
https://www.youtube.com/c/TheYoungTurks/videos,https://www.youtube.com/watch?v=PIotJjzDyHM,1
